-- ============================================================
-- NexusERP-X 模拟数据（修正版）
-- 适用租户：tenant_id = 1（集团总部）
-- 执行前提：已执行 init_data.sql
-- ID 均使用大整数（100001+）避免与初始化数据冲突
-- ============================================================

USE nexus_dev;

-- -------------------------------------------------------
-- 1. ERP — 产品分类（erp_product_category）
-- 字段：id, tenant_id, name, parent_id, sort_order, status, del_flag, create_by, create_time, update_by, update_time
-- -------------------------------------------------------

INSERT INTO erp_product_category (id, tenant_id, name, parent_id, sort_order, status, del_flag, create_time, update_time)
VALUES
  (100001, 1, '电子产品', 0, 1, 1, 0, NOW(), NOW()),
  (100002, 1, '办公用品', 0, 2, 1, 0, NOW(), NOW()),
  (100003, 1, '家具家居', 0, 3, 1, 0, NOW(), NOW()),
  (100004, 1, '食品饮料', 0, 4, 1, 0, NOW(), NOW()),
  (100005, 1, '服装鞋帽', 0, 5, 1, 0, NOW(), NOW());

INSERT INTO erp_product_category (id, tenant_id, name, parent_id, sort_order, status, del_flag, create_time, update_time)
VALUES
  (100011, 1, '笔记本电脑', 100001, 1, 1, 0, NOW(), NOW()),
  (100012, 1, '手机数码', 100001, 2, 1, 0, NOW(), NOW()),
  (100013, 1, '外设配件', 100001, 3, 1, 0, NOW(), NOW()),
  (100021, 1, '纸张耗材', 100002, 1, 1, 0, NOW(), NOW()),
  (100022, 1, '文具用品', 100002, 2, 1, 0, NOW(), NOW());

-- -------------------------------------------------------
-- 2. ERP — 产品明细 SKU（erp_product_info，合并主数据+SKU）
-- 字段：id, tenant_id, code, name, category_id, spec, unit, price, stock, status, min_stock, max_stock, del_flag, create_time, update_time
-- -------------------------------------------------------

INSERT INTO erp_product_info (id, tenant_id, code, name, category_id, spec, unit, price, stock, status, min_stock, max_stock, del_flag, create_time, update_time)
VALUES
  -- 笔记本
  (100201, 1, 'SKU-LP-001', 'ThinkPad E14 i5/8GB/256GB', 100011, '14英寸/集显/黑色', '台', 4299.00, 15, 1, 5, 50, 0, NOW(), NOW()),
  (100202, 1, 'SKU-LP-002', 'ThinkPad E14 i5/16GB/512GB', 100011, '14英寸/独显/银色', '台', 5699.00, 8, 1, 5, 50, 0, NOW(), NOW()),
  (100203, 1, 'SKU-LP-003', 'ThinkPad T14p i7/32GB/1TB', 100011, '14英寸/2.2K屏/黑色', '台', 9999.00, 3, 1, 3, 30, 0, NOW(), NOW()),
  (100204, 1, 'SKU-MB-001', 'MacBook Pro 14 M3/18GB/512GB', 100011, '14英寸/深空灰', '台', 12999.00, 5, 1, 3, 20, 0, NOW(), NOW()),
  (100205, 1, 'SKU-HW-001', 'MateBook D14 i5/16GB/512GB', 100011, '14英寸/深空灰', '台', 4999.00, 12, 1, 5, 40, 0, NOW(), NOW()),
  -- 手机
  (100206, 1, 'SKU-IP-001', 'iPhone 15 Pro 256GB', 100012, '钛金属原色', '台', 8999.00, 10, 1, 5, 30, 0, NOW(), NOW()),
  (100207, 1, 'SKU-IP-002', 'iPhone 15 Pro 512GB', 100012, '蓝色钛金属', '台', 9999.00, 4, 1, 3, 20, 0, NOW(), NOW()),
  (100208, 1, 'SKU-XM-001', '小米 14 Ultra 512GB', 100012, '钛金属特别版', '台', 7299.00, 7, 1, 5, 25, 0, NOW(), NOW()),
  -- 外设
  (100209, 1, 'SKU-MS-001', '罗技 MX Master 3 无线鼠标', 100013, '石墨灰/无线蓝牙', '个', 799.00, 30, 1, 10, 100, 0, NOW(), NOW()),
  (100210, 1, 'SKU-KB-001', 'HHKB Professional 静电容键盘', 100013, '无刻字/USB', '个', 1699.00, 6, 1, 5, 30, 0, NOW(), NOW()),
  -- 办公耗材
  (100211, 1, 'SKU-A4-001', 'A4 复印纸 70g 得力', 100021, '5000张/箱', '箱', 38.00, 200, 1, 30, 500, 0, NOW(), NOW()),
  (100212, 1, 'SKU-A5-001', 'A5 打印纸 70g 晨光', 100021, '2500张/箱', '箱', 22.00, 80, 1, 20, 300, 0, NOW(), NOW()),
  (100213, 1, 'SKU-PEN-001', '晨光中性笔 0.5mm 黑色', 100022, '12支/盒', '盒', 9.90, 150, 1, 30, 500, 0, NOW(), NOW()),
  -- 家具
  (100214, 1, 'SKU-DSK-001', '电动升降办公桌 1.4m', 100003, '白色/单电机', '张', 1299.00, 8, 1, 3, 20, 0, NOW(), NOW()),
  (100215, 1, 'SKU-CHR-001', '人体工学转椅 可躺式', 100003, '黑色', '把', 699.00, 15, 1, 5, 40, 0, NOW(), NOW()),
  -- 食品饮料
  (100216, 1, 'SKU-WTR-001', '农夫山泉 550ml*24瓶', 100004, '箱装', '箱', 18.00, 500, 1, 50, 2000, 0, NOW(), NOW()),
  (100217, 1, 'SKU-TEA-001', '立顿红茶包 100包/盒', 100004, '盒装', '盒', 29.90, 120, 1, 20, 500, 0, NOW(), NOW()),
  -- 服装
  (100218, 1, 'SKU-SHT-001', 'Polo衫 商务款 XL/藏青色', 100005, '纯棉', '件', 168.00, 25, 1, 10, 100, 0, NOW(), NOW()),
  (100219, 1, 'SKU-SHT-002', 'Polo衫 商务款 L/藏青色', 100005, '纯棉', '件', 168.00, 20, 1, 10, 100, 0, NOW(), NOW()),
  (100220, 1, 'SKU-SHT-003', 'Polo衫 商务款 M/白色', 100005, '纯棉', '件', 158.00, 18, 1, 10, 100, 0, NOW(), NOW());

-- -------------------------------------------------------
-- 3. ERP — 仓库（erp_warehouse）
-- 字段：id, tenant_id, code, name, manager, phone, address, status, del_flag, create_time, update_time
-- -------------------------------------------------------

INSERT INTO erp_warehouse (id, tenant_id, code, name, manager, phone, address, status, del_flag, create_time, update_time)
VALUES
  (100301, 1, 'WH-MAIN', '集团中心仓', '张仓管', '13800001111', '广东省深圳市南山区科技园南路88号', 1, 0, NOW(), NOW()),
  (100302, 1, 'WH-SHOP', '门店陈列仓', '李店仓', '13800002222', '广东省深圳市福田区华强北路100号', 1, 0, NOW(), NOW()),
  (100303, 1, 'WH-REMOTE', '异地备货仓', '王异地', '13800003333', '浙江省杭州市滨江区物联网街200号', 1, 0, NOW(), NOW());

-- -------------------------------------------------------
-- 4. ERP — 各仓库库存（erp_stock）
-- 字段：id, tenant_id, product_id, warehouse_id, qty, del_flag, create_time, update_time
-- -------------------------------------------------------

INSERT INTO erp_stock (id, tenant_id, product_id, warehouse_id, qty, del_flag, create_time, update_time)
VALUES
  -- 中心仓
  (100401, 1, 100201, 100301, 10, 0, NOW(), NOW()),
  (100402, 1, 100202, 100301, 5, 0, NOW(), NOW()),
  (100403, 1, 100203, 100301, 3, 0, NOW(), NOW()),
  (100404, 1, 100204, 100301, 3, 0, NOW(), NOW()),
  (100405, 1, 100205, 100301, 8, 0, NOW(), NOW()),
  (100406, 1, 100206, 100301, 6, 0, NOW(), NOW()),
  (100407, 1, 100207, 100301, 4, 0, NOW(), NOW()),
  (100408, 1, 100208, 100301, 5, 0, NOW(), NOW()),
  (100409, 1, 100209, 100301, 20, 0, NOW(), NOW()),
  (100410, 1, 100210, 100301, 4, 0, NOW(), NOW()),
  (100411, 1, 100211, 100301, 150, 0, NOW(), NOW()),
  (100412, 1, 100212, 100301, 60, 0, NOW(), NOW()),
  (100413, 1, 100213, 100301, 100, 0, NOW(), NOW()),
  (100414, 1, 100214, 100301, 5, 0, NOW(), NOW()),
  (100415, 1, 100215, 100301, 10, 0, NOW(), NOW()),
  (100416, 1, 100216, 100301, 300, 0, NOW(), NOW()),
  (100417, 1, 100217, 100301, 80, 0, NOW(), NOW()),
  (100418, 1, 100218, 100301, 15, 0, NOW(), NOW()),
  (100419, 1, 100219, 100301, 12, 0, NOW(), NOW()),
  (100420, 1, 100220, 100301, 10, 0, NOW(), NOW()),
  -- 门店仓
  (100421, 1, 100201, 100302, 5, 0, NOW(), NOW()),
  (100422, 1, 100204, 100302, 2, 0, NOW(), NOW()),
  (100423, 1, 100206, 100302, 4, 0, NOW(), NOW()),
  (100424, 1, 100211, 100302, 50, 0, NOW(), NOW()),
  (100425, 1, 100213, 100302, 50, 0, NOW(), NOW()),
  (100426, 1, 100216, 100302, 200, 0, NOW(), NOW()),
  -- 异地仓（部分库存紧张，触发预警）
  (100427, 1, 100203, 100303, 2, 0, NOW(), NOW()),
  (100428, 1, 100207, 100303, 1, 0, NOW(), NOW()),
  (100429, 1, 100210, 100303, 1, 0, NOW(), NOW()),
  (100430, 1, 100218, 100303, 5, 0, NOW(), NOW());

-- -------------------------------------------------------
-- 5. ERP — 客户（erp_customer）
-- 字段：id, tenant_id, shop_id, org_id, name, contact_name, contact_phone, level, credit_limit, del_flag, create_time, update_time
-- -------------------------------------------------------

INSERT INTO erp_customer (id, tenant_id, shop_id, org_id, name, contact_name, contact_phone, level, credit_limit, del_flag, create_time, update_time)
VALUES
  (100501, 1, 91001, 91001, '深圳市腾达科技有限公司', '李明', '13811112222', 'A', 500000.00, 0, NOW(), NOW()),
  (100502, 1, 91001, 91001, '广州华联电子集团', '王芳', '13922223333', 'A', 800000.00, 0, NOW(), NOW()),
  (100503, 1, 91001, 91001, '杭州创新网络公司', '赵强', '13733334444', 'B', 300000.00, 0, NOW(), NOW()),
  (100504, 1, 91001, 91001, '北京云智数据服务公司', '刘洋', '13644445555', 'B', 200000.00, 0, NOW(), NOW()),
  (100505, 1, 91001, 91001, '上海启航贸易有限公司', '陈婷', '13555556666', 'C', 100000.00, 0, NOW(), NOW()),
  (100506, 1, 91001, 91001, '成都天府智能科技', '周杰', '13466667777', 'B', 250000.00, 0, NOW(), NOW()),
  (100507, 1, 91001, 91001, '武汉光谷软件园', '吴倩', '13377778888', 'A', 600000.00, 0, NOW(), NOW()),
  (100508, 1, 91001, 91001, '南京绿能电力科技', '孙磊', '13288889999', 'B', 350000.00, 0, NOW(), NOW()),
  (100509, 1, 91001, 91001, '西安古都文化传媒', '郑鑫', '13199990000', 'C', 80000.00, 0, NOW(), NOW()),
  (100510, 1, 91001, 91001, '天津滨海智能装备', '冯军', '13000001111', 'B', 400000.00, 0, NOW(), NOW()),
  (100511, 1, 91001, 91001, '苏州工业园区科创中心', '何娜', '13900002222', 'A', 700000.00, 0, NOW(), NOW()),
  (100512, 1, 91001, 91001, '重庆山城互联网服务', '邓伟', '13800003333', 'C', 60000.00, 0, NOW(), NOW());

-- -------------------------------------------------------
-- 6. ERP — 供应商（erp_supplier）
-- 字段：id, tenant_id, code, name, contact_person, phone, email, bank_name, bank_account, status, del_flag, create_time, update_time
-- -------------------------------------------------------

INSERT INTO erp_supplier (id, tenant_id, code, name, contact_person, phone, email, bank_name, bank_account, status, del_flag, create_time, update_time)
VALUES
  (100601, 1, 'SUP-001', '联想（深圳）科技有限公司', '张供应', '13700111000', 'zhang@lenovo.cn', '招商银行深圳分行', '6222********0001', 1, 0, NOW(), NOW()),
  (100602, 1, 'SUP-002', '苹果电子产品（上海）有限公司', '李苹果', '13700112000', 'li@apple.cn', '中国银行上海浦东支行', '6222********0002', 1, 0, NOW(), NOW()),
  (100603, 1, 'SUP-003', '华为终端有限公司', '王华', '13700113000', 'wanghw@huawei.com', '工商银行深圳龙岗支行', '6222********0003', 1, 0, NOW(), NOW()),
  (100604, 1, 'SUP-004', '小米通讯技术有限公司', '赵小', '13700114000', 'zhao@xiaomi.com', '建设银行北京海淀支行', '6222********0004', 1, 0, NOW(), NOW()),
  (100605, 1, 'SUP-005', '罗技电子（上海）有限公司', '孙罗', '13700115000', 'sun@logitech.cn', '农业银行上海长宁支行', '6222********0005', 1, 0, NOW(), NOW()),
  (100606, 1, 'SUP-006', 'PFU上海信息亭有限公司（HHKB）', '周HH', '13700116000', 'zhou@pfu.cn', '交通银行上海静安支行', '6222********0006', 1, 0, NOW(), NOW()),
  (100607, 1, 'SUP-007', '得力集团有限公司', '吴得', '13700117000', 'wu@deli.cn', '工商银行宁波分行', '6222********0007', 1, 0, NOW(), NOW()),
  (100608, 1, 'SUP-008', '农夫山泉股份有限公司', '郑农', '13700118000', 'zheng@nfsu.com', '工商银行杭州分行', '6222********0008', 1, 0, NOW(), NOW()),
  (100609, 1, 'SUP-009', '乐歌人体工学科技股份', '何乐', '13700119000', 'he@loctek.com', '建设银行宁波分行', '6222********0009', 1, 0, NOW(), NOW()),
  (100610, 1, 'SUP-010', '七匹狼体育用品有限公司', '冯七', '13700120000', 'feng@septwolves.com', '工商银行泉州分行', '6222********0010', 1, 0, NOW(), NOW());

-- -------------------------------------------------------
-- 7. ERP — 销售订单（erp_sale_order）
-- 字段：id, tenant_id, order_no, customer_id, customer_name, warehouse_id, total_amount, status, del_flag, create_time, update_time
-- -------------------------------------------------------

-- 草稿
INSERT INTO erp_sale_order (id, tenant_id, order_no, customer_id, customer_name, warehouse_id, total_amount, status, del_flag, create_time, update_time)
VALUES
  (100701, 1, 'SO20260415001', 100501, '深圳市腾达科技有限公司', 100301, 10998.00, 0, 0, '2026-04-15 09:00:00', '2026-04-15 09:00:00'),
  (100702, 1, 'SO20260416001', 100503, '杭州创新网络公司', 100302, 5398.00, 0, 0, '2026-04-16 10:30:00', '2026-04-16 10:30:00');

-- 已出库（4月）
INSERT INTO erp_sale_order (id, tenant_id, order_no, customer_id, customer_name, warehouse_id, total_amount, status, del_flag, create_time, update_time)
VALUES
  (100703, 1, 'SO20260401001', 100501, '深圳市腾达科技有限公司', 100301, 9999.00, 1, 0, '2026-04-01 08:30:00', '2026-04-01 08:35:00'),
  (100704, 1, 'SO20260401002', 100502, '广州华联电子集团', 100301, 26997.00, 1, 0, '2026-04-01 09:15:00', '2026-04-01 09:20:00'),
  (100705, 1, 'SO20260402001', 100507, '武汉光谷软件园', 100301, 12999.00, 1, 0, '2026-04-02 10:00:00', '2026-04-02 10:05:00'),
  (100706, 1, 'SO20260403001', 100504, '北京云智数据服务公司', 100303, 799.00, 1, 0, '2026-04-03 11:00:00', '2026-04-03 11:02:00'),
  (100707, 1, 'SO20260405001', 100505, '上海启航贸易有限公司', 100302, 10798.00, 1, 0, '2026-04-05 08:45:00', '2026-04-05 08:50:00'),
  (100708, 1, 'SO20260407001', 100508, '南京绿能电力科技', 100301, 17998.00, 1, 0, '2026-04-07 09:30:00', '2026-04-07 09:35:00'),
  (100709, 1, 'SO20260408001', 100506, '成都天府智能科技', 100301, 9999.00, 1, 0, '2026-04-08 10:15:00', '2026-04-08 10:20:00'),
  (100710, 1, 'SO20260410001', 100509, '西安古都文化传媒', 100303, 168.00, 1, 0, '2026-04-10 14:00:00', '2026-04-10 14:01:00'),
  (100711, 1, 'SO20260411001', 100510, '天津滨海智能装备', 100301, 8999.00, 1, 0, '2026-04-11 09:00:00', '2026-04-11 09:05:00'),
  (100712, 1, 'SO20260412001', 100511, '苏州工业园区科创中心', 100301, 799.00, 1, 0, '2026-04-12 10:30:00', '2026-04-12 10:32:00'),
  (100713, 1, 'SO20260413001', 100512, '重庆山城互联网服务', 100302, 5398.00, 1, 0, '2026-04-13 08:00:00', '2026-04-13 08:05:00'),
  -- 1月
  (100714, 1, 'SO20260105001', 100501, '深圳市腾达科技有限公司', 100301, 19998.00, 1, 0, '2026-01-05 09:00:00', '2026-01-05 09:10:00'),
  (100715, 1, 'SO20260110001', 100502, '广州华联电子集团', 100301, 29997.00, 1, 0, '2026-01-10 10:00:00', '2026-01-10 10:08:00'),
  -- 2月
  (100716, 1, 'SO20260203001', 100507, '武汉光谷软件园', 100301, 8999.00, 1, 0, '2026-02-03 11:00:00', '2026-02-03 11:05:00'),
  (100717, 1, 'SO20260215001', 100508, '南京绿能电力科技', 100301, 9999.00, 1, 0, '2026-02-15 09:30:00', '2026-02-15 09:35:00'),
  -- 3月
  (100718, 1, 'SO20260301001', 100503, '杭州创新网络公司', 100301, 12999.00, 1, 0, '2026-03-01 08:30:00', '2026-03-01 08:35:00'),
  (100719, 1, 'SO20260310001', 100506, '成都天府智能科技', 100301, 8999.00, 1, 0, '2026-03-10 10:00:00', '2026-03-10 10:05:00'),
  (100720, 1, 'SO20260320001', 100511, '苏州工业园区科创中心', 100301, 1699.00, 1, 0, '2026-03-20 14:00:00', '2026-03-20 14:02:00');

-- -------------------------------------------------------
-- 8. ERP — 销售订单明细（erp_sale_order_item）
-- 字段：id, tenant_id, order_id, product_id, quantity, unit_price, subtotal, del_flag, create_time, update_time
-- -------------------------------------------------------

INSERT INTO erp_sale_order_item (id, tenant_id, order_id, product_id, quantity, unit_price, subtotal, del_flag, create_time, update_time)
VALUES
  (100801, 1, 100703, 100203, 1, 9999.00, 9999.00, 0, NOW(), NOW()),
  (100802, 1, 100704, 100204, 1, 12999.00, 12999.00, 0, NOW(), NOW()),
  (100803, 1, 100704, 100209, 10, 799.00, 7990.00, 0, NOW(), NOW()),
  (100804, 1, 100704, 100210, 1, 1699.00, 1699.00, 0, NOW(), NOW()),
  (100805, 1, 100704, 100213, 30, 9.90, 297.00, 0, NOW(), NOW()),
  (100806, 1, 100705, 100204, 1, 12999.00, 12999.00, 0, NOW(), NOW()),
  (100807, 1, 100706, 100209, 1, 799.00, 799.00, 0, NOW(), NOW()),
  (100808, 1, 100707, 100206, 1, 8999.00, 8999.00, 0, NOW(), NOW()),
  (100809, 1, 100707, 100210, 1, 1699.00, 1699.00, 0, NOW(), NOW()),
  (100810, 1, 100708, 100203, 1, 9999.00, 9999.00, 0, NOW(), NOW()),
  (100811, 1, 100708, 100209, 10, 799.00, 7990.00, 0, NOW(), NOW()),
  (100812, 1, 100709, 100203, 1, 9999.00, 9999.00, 0, NOW(), NOW()),
  (100813, 1, 100710, 100218, 1, 168.00, 168.00, 0, NOW(), NOW()),
  (100814, 1, 100711, 100206, 1, 8999.00, 8999.00, 0, NOW(), NOW()),
  (100815, 1, 100712, 100209, 1, 799.00, 799.00, 0, NOW(), NOW()),
  (100816, 1, 100713, 100205, 1, 4999.00, 4999.00, 0, NOW(), NOW()),
  (100817, 1, 100714, 100203, 2, 9999.00, 19998.00, 0, NOW(), NOW()),
  (100818, 1, 100715, 100204, 2, 12999.00, 25998.00, 0, NOW(), NOW()),
  (100819, 1, 100715, 100211, 30, 38.00, 1140.00, 0, NOW(), NOW()),
  (100820, 1, 100715, 100213, 30, 9.90, 297.00, 0, NOW(), NOW()),
  (100821, 1, 100716, 100206, 1, 8999.00, 8999.00, 0, NOW(), NOW()),
  (100822, 1, 100717, 100203, 1, 9999.00, 9999.00, 0, NOW(), NOW()),
  (100823, 1, 100718, 100204, 1, 12999.00, 12999.00, 0, NOW(), NOW()),
  (100824, 1, 100719, 100206, 1, 8999.00, 8999.00, 0, NOW(), NOW()),
  (100825, 1, 100720, 100210, 1, 1699.00, 1699.00, 0, NOW(), NOW()),
  -- 草稿订单明细
  (100826, 1, 100701, 100206, 1, 8999.00, 8999.00, 0, NOW(), NOW()),
  (100827, 1, 100701, 100209, 2, 799.00, 1598.00, 0, NOW(), NOW()),
  (100828, 1, 100702, 100205, 1, 4999.00, 4999.00, 0, NOW(), NOW()),
  (100829, 1, 100702, 100218, 2, 168.00, 336.00, 0, NOW(), NOW());

-- -------------------------------------------------------
-- 9. ERP — 采购订单（erp_purchase_order）
-- 字段：id, tenant_id, order_no, supplier_id, supplier_name, warehouse_id, total_amount, status, remark, del_flag, create_time, update_time
-- -------------------------------------------------------

INSERT INTO erp_purchase_order (id, tenant_id, order_no, supplier_id, warehouse_id, total_amount, status, remark, del_flag, create_time, update_time)
VALUES
  (100901, 1, 'PO20260401001', 100601, 100301, 45998.00, 1, '季度补货', 0, '2026-04-01 08:00:00', '2026-04-01 08:10:00'),
  (100902, 1, 'PO20260402001', 100602, 100301, 25998.00, 1, 'iPhone备货', 0, '2026-04-02 09:00:00', '2026-04-02 09:05:00'),
  (100903, 1, 'PO20260405001', 100603, 100301, 14998.00, 1, 'MateBook补货', 0, '2026-04-05 10:00:00', '2026-04-05 10:05:00'),
  (100904, 1, 'PO20260408001', 100604, 100301, 14598.00, 1, '小米备货', 0, '2026-04-08 09:30:00', '2026-04-08 09:35:00'),
  (100905, 1, 'PO20260410001', 100605, 100301, 7990.00, 1, '鼠标补货', 0, '2026-04-10 10:00:00', '2026-04-10 10:02:00'),
  (100906, 1, 'PO20260412001', 100607, 100301, 3800.00, 1, '办公耗材采购', 0, '2026-04-12 11:00:00', '2026-04-12 11:05:00'),
  (100907, 1, 'PO20260415001', 100608, 100301, 5400.00, 1, '饮用水采购', 0, '2026-04-15 08:30:00', '2026-04-15 08:35:00'),
  -- 草稿
  (100908, 1, 'PO20260416001', 100606, 100301, 16990.00, 0, 'HHKB备货', 0, '2026-04-16 09:00:00', '2026-04-16 09:00:00'),
  (100909, 1, 'PO20260416002', 100609, 100301, 6495.00, 0, '工学椅补货', 0, '2026-04-16 10:00:00', '2026-04-16 10:00:00'),
  -- 历史
  (100910, 1, 'PO20260105001', 100601, 100301, 39996.00, 1, '开年备货', 0, '2026-01-05 09:00:00', '2026-01-05 09:08:00'),
  (100911, 1, 'PO20260301001', 100602, 100301, 38997.00, 1, 'Q1苹果备货', 0, '2026-03-01 10:00:00', '2026-03-01 10:06:00');

-- 采购订单明细
INSERT INTO erp_purchase_order_item (id, tenant_id, order_id, product_id, quantity, unit_price, subtotal, del_flag, create_time, update_time)
VALUES
  (101001, 1, 100901, 100201, 5, 4299.00, 21495.00, 0, NOW(), NOW()),
  (101002, 1, 100901, 100202, 3, 5699.00, 17097.00, 0, NOW(), NOW()),
  (101003, 1, 100901, 100203, 1, 9999.00, 9999.00, 0, NOW(), NOW()),
  (101004, 1, 100902, 100204, 2, 12999.00, 25998.00, 0, NOW(), NOW()),
  (101005, 1, 100903, 100205, 3, 4999.00, 14997.00, 0, NOW(), NOW()),
  (101006, 1, 100904, 100206, 1, 8999.00, 8999.00, 0, NOW(), NOW()),
  (101007, 1, 100904, 100208, 1, 7299.00, 7299.00, 0, NOW(), NOW()),
  (101008, 1, 100905, 100209, 10, 799.00, 7990.00, 0, NOW(), NOW()),
  (101009, 1, 100906, 100211, 100, 38.00, 3800.00, 0, NOW(), NOW()),
  (101010, 1, 100907, 100216, 300, 18.00, 5400.00, 0, NOW(), NOW()),
  (101011, 1, 100908, 100210, 10, 1699.00, 16990.00, 0, NOW(), NOW()),
  (101012, 1, 100909, 100214, 5, 1299.00, 6495.00, 0, NOW(), NOW()),
  (101013, 1, 100910, 100201, 5, 4299.00, 21495.00, 0, NOW(), NOW()),
  (101014, 1, 100910, 100203, 2, 9999.00, 19998.00, 0, NOW(), NOW()),
  (101015, 1, 100911, 100204, 3, 12999.00, 38997.00, 0, NOW(), NOW());

-- -------------------------------------------------------
-- 10. ERP — 应收账款（fin_receivable）
-- 字段：id, tenant_id, receivable_no, source_type, source_id, customer_id, customer_name, total_amount, received_amount, pending_amount, invoice_no, due_date, status, remark, del_flag, create_time, update_time
-- -------------------------------------------------------

INSERT INTO fin_receivable (id, tenant_id, receivable_no, source_type, source_id, customer_id, customer_name, total_amount, received_amount, pending_amount, invoice_no, due_date, status, remark, del_flag, create_time, update_time)
VALUES
  -- 已结清
  (101101, 1, 'REC20260105001', 'sale_order', 100714, 100501, '深圳市腾达科技有限公司', 19998.00, 19998.00, 0.00, 'INV-2026-001', '2026-02-05', 2, '已全款结清', 0, '2026-01-05 09:10:00', '2026-02-03 15:00:00'),
  (101102, 1, 'REC20260110001', 'sale_order', 100715, 100502, '广州华联电子集团', 29997.00, 29997.00, 0.00, 'INV-2026-002', '2026-02-10', 2, '已结清', 0, '2026-01-10 10:08:00', '2026-02-08 10:30:00'),
  -- 部分回款
  (101103, 1, 'REC20260203001', 'sale_order', 100716, 100507, '武汉光谷软件园', 8999.00, 5000.00, 3999.00, 'INV-2026-003', '2026-03-05', 1, '部分回款5000', 0, '2026-02-03 11:05:00', '2026-03-01 09:00:00'),
  (101104, 1, 'REC20260215001', 'sale_order', 100717, 100508, '南京绿能电力科技', 9999.00, 6000.00, 3999.00, 'INV-2026-004', '2026-03-15', 1, '部分回款6000', 0, '2026-02-15 09:35:00', '2026-03-10 14:00:00'),
  (101105, 1, 'REC20260301001', 'sale_order', 100718, 100503, '杭州创新网络公司', 12999.00, 8000.00, 4999.00, 'INV-2026-005', '2026-04-01', 1, '部分回款8000', 0, '2026-03-01 08:35:00', '2026-03-28 10:00:00'),
  -- 未回款（4月新出库）
  (101106, 1, 'REC20260401001', 'sale_order', 100703, 100501, '深圳市腾达科技有限公司', 9999.00, 0.00, 9999.00, 'INV-2026-006', '2026-05-01', 0, '', 0, '2026-04-01 08:35:00', '2026-04-01 08:35:00'),
  (101107, 1, 'REC20260401002', 'sale_order', 100704, 100502, '广州华联电子集团', 26997.00, 0.00, 26997.00, 'INV-2026-007', '2026-05-01', 0, '', 0, '2026-04-01 09:20:00', '2026-04-01 09:20:00'),
  (101108, 1, 'REC20260402001', 'sale_order', 100705, 100507, '武汉光谷软件园', 12999.00, 0.00, 12999.00, 'INV-2026-008', '2026-05-02', 0, '', 0, '2026-04-02 10:05:00', '2026-04-02 10:05:00'),
  (101109, 1, 'REC20260403001', 'sale_order', 100706, 100504, '北京云智数据服务公司', 799.00, 0.00, 799.00, 'INV-2026-009', '2026-05-03', 0, '', 0, '2026-04-03 11:02:00', '2026-04-03 11:02:00'),
  (101110, 1, 'REC20260405001', 'sale_order', 100707, 100505, '上海启航贸易有限公司', 10798.00, 0.00, 10798.00, 'INV-2026-010', '2026-05-05', 0, '', 0, '2026-04-05 08:50:00', '2026-04-05 08:50:00'),
  (101111, 1, 'REC20260407001', 'sale_order', 100708, 100508, '南京绿能电力科技', 17998.00, 0.00, 17998.00, 'INV-2026-011', '2026-05-07', 0, '', 0, '2026-04-07 09:35:00', '2026-04-07 09:35:00'),
  (101112, 1, 'REC20260408001', 'sale_order', 100709, 100506, '成都天府智能科技', 9999.00, 0.00, 9999.00, 'INV-2026-012', '2026-05-08', 0, '', 0, '2026-04-08 10:20:00', '2026-04-08 10:20:00');

-- 应收还款明细
INSERT INTO fin_receivable_record (id, tenant_id, receivable_id, record_no, amount, payment_method, payment_account, payment_time, handler_user_id, receipt_url, remark, del_flag, create_time, update_time)
VALUES
  (101201, 1, 101101, 'RR-2026-001', 19998.00, 'bank_transfer', '6222********8888', '2026-02-03 15:00:00', 91001, '', '转账结清', 0, '2026-02-03 15:00:00', '2026-02-03 15:00:00'),
  (101202, 1, 101102, 'RR-2026-002', 29997.00, 'bank_transfer', '6222********9999', '2026-02-08 10:30:00', 91001, '', '转账结清', 0, '2026-02-08 10:30:00', '2026-02-08 10:30:00'),
  (101203, 1, 101103, 'RR-2026-003', 5000.00, 'alipay', '138****2222', '2026-03-01 09:00:00', 91001, '', '部分回款', 0, '2026-03-01 09:00:00', '2026-03-01 09:00:00'),
  (101204, 1, 101104, 'RR-2026-004', 6000.00, 'wechat_pay', 'wx****8888', '2026-03-10 14:00:00', 91001, '', '微信部分回款', 0, '2026-03-10 14:00:00', '2026-03-10 14:00:00'),
  (101205, 1, 101105, 'RR-2026-005', 8000.00, 'bank_transfer', '6222********1111', '2026-03-28 10:00:00', 91001, '', '转账部分回款', 0, '2026-03-28 10:00:00', '2026-03-28 10:00:00');

-- -------------------------------------------------------
-- 11. ERP — 应付账款（fin_payable）
-- 字段：id, tenant_id, payable_no, source_type, source_id, supplier_id, supplier_name, total_amount, paid_amount, pending_amount, invoice_no, due_date, status, remark, del_flag, create_time, update_time
-- -------------------------------------------------------

INSERT INTO fin_payable (id, tenant_id, payable_no, source_type, source_id, supplier_id, supplier_name, total_amount, paid_amount, pending_amount, invoice_no, due_date, status, remark, del_flag, create_time, update_time)
VALUES
  (101301, 1, 'PAY20260105001', 'purchase_order', 100910, 100601, '联想（深圳）科技有限公司', 39996.00, 39996.00, 0.00, 'PO-INV-2026-001', '2026-02-05', 2, '已付款39996', 0, '2026-01-05 09:08:00', '2026-02-03 16:00:00'),
  (101302, 1, 'PAY20260301001', 'purchase_order', 100911, 100602, '苹果电子产品（上海）有限公司', 38997.00, 38997.00, 0.00, 'PO-INV-2026-002', '2026-04-01', 2, '已全款付款', 0, '2026-03-01 10:06:00', '2026-03-30 11:00:00'),
  (101303, 1, 'PAY20260401001', 'purchase_order', 100901, 100601, '联想（深圳）科技有限公司', 45998.00, 30000.00, 15998.00, 'PO-INV-2026-003', '2026-05-01', 1, '预付30000', 0, '2026-04-01 08:10:00', '2026-04-15 09:00:00'),
  (101304, 1, 'PAY20260402001', 'purchase_order', 100902, 100602, '苹果电子产品（上海）有限公司', 25998.00, 0.00, 25998.00, 'PO-INV-2026-004', '2026-05-02', 0, '', 0, '2026-04-02 09:05:00', '2026-04-02 09:05:00'),
  (101305, 1, 'PAY20260405001', 'purchase_order', 100903, 100603, '华为终端有限公司', 14998.00, 0.00, 14998.00, 'PO-INV-2026-005', '2026-05-05', 0, '', 0, '2026-04-05 10:05:00', '2026-04-05 10:05:00'),
  (101306, 1, 'PAY20260408001', 'purchase_order', 100904, 100604, '小米通讯技术有限公司', 14598.00, 0.00, 14598.00, 'PO-INV-2026-006', '2026-05-08', 0, '', 0, '2026-04-08 09:35:00', '2026-04-08 09:35:00'),
  (101307, 1, 'PAY20260410001', 'purchase_order', 100905, 100605, '罗技电子（上海）有限公司', 7990.00, 0.00, 7990.00, 'PO-INV-2026-007', '2026-05-10', 0, '', 0, '2026-04-10 10:02:00', '2026-04-10 10:02:00'),
  (101308, 1, 'PAY20260412001', 'purchase_order', 100906, 100607, '得力集团有限公司', 3800.00, 0.00, 3800.00, 'PO-INV-2026-008', '2026-05-12', 0, '', 0, '2026-04-12 11:05:00', '2026-04-12 11:05:00'),
  (101309, 1, 'PAY20260415001', 'purchase_order', 100907, 100608, '农夫山泉股份有限公司', 5400.00, 0.00, 5400.00, 'PO-INV-2026-009', '2026-05-15', 0, '', 0, '2026-04-15 08:35:00', '2026-04-15 08:35:00');

-- -------------------------------------------------------
-- 12. OA — 员工档案（oa_employee）
-- 字段：id, tenant_id, emp_no, name, dept, position, hire_date, phone, status, user_id, direct_leader_user_id, del_flag, create_time, update_time
-- -------------------------------------------------------

INSERT INTO oa_employee (id, tenant_id, emp_no, name, dept, position, hire_date, phone, status, user_id, direct_leader_user_id, del_flag, create_time, update_time)
VALUES
  (100001, 1, 'EMP001', '张总', '总经理办公室', '总经理', '2020-01-01', '13800001001', 1, NULL, NULL, 0, NOW(), NOW()),
  (100002, 1, 'EMP002', '李经理', '销售部', '销售总监', '2020-03-15', '13800001002', 1, NULL, 100001, 0, NOW(), NOW()),
  (100003, 1, 'EMP003', '王霞', '财务部', '财务经理', '2020-05-10', '13800001003', 1, NULL, 100001, 0, NOW(), NOW()),
  (100004, 1, 'EMP004', '赵强', 'IT部', 'IT主管', '2021-01-10', '13800001004', 1, NULL, 100001, 0, NOW(), NOW()),
  (100005, 1, 'EMP005', '刘洋', '销售部', '高级销售', '2021-04-01', '13800001005', 1, NULL, 100002, 0, NOW(), NOW()),
  (100006, 1, 'EMP006', '陈丽', '销售部', '销售代表', '2022-01-15', '13800001006', 1, NULL, 100002, 0, NOW(), NOW()),
  (100007, 1, 'EMP007', '周杰', '市场部', '市场经理', '2021-07-01', '13800001007', 1, NULL, 100001, 0, NOW(), NOW()),
  (100008, 1, 'EMP008', '吴倩', '人力资源', 'HR主管', '2020-09-01', '13800001008', 1, NULL, 100001, 0, NOW(), NOW()),
  (100009, 1, 'EMP009', '孙磊', 'IT部', '后端开发', '2022-03-01', '13800001009', 1, NULL, 100004, 0, NOW(), NOW()),
  (100010, 1, 'EMP010', '郑鑫', 'IT部', '前端开发', '2022-06-15', '13800001010', 1, NULL, 100004, 0, NOW(), NOW()),
  (100011, 1, 'EMP011', '何娜', '财务部', '会计', '2021-08-01', '13800001011', 1, NULL, 100003, 0, NOW(), NOW()),
  (100012, 1, 'EMP012', '冯军', '仓库部', '仓库主管', '2020-11-01', '13800001012', 1, NULL, 100001, 0, NOW(), NOW()),
  (100013, 1, 'EMP013', '邓伟', '仓库部', '仓管员', '2022-02-01', '13800001013', 1, NULL, 100012, 0, NOW(), NOW()),
  (100014, 1, 'EMP014', '马晓', '市场部', '市场专员', '2023-01-10', '13800001014', 1, NULL, 100007, 0, NOW(), NOW()),
  (100015, 1, 'EMP015', '胡彬', '销售部', '销售代表', '2023-03-15', '13800001015', 1, NULL, 100002, 0, NOW(), NOW()),
  (100016, 1, 'EMP016', '朱静', '人力资源', '招聘专员', '2022-09-01', '13800001016', 1, NULL, 100008, 0, NOW(), NOW()),
  (100017, 1, 'EMP017', '林涛', 'IT部', '运维工程师', '2021-11-01', '13800001017', 1, NULL, 100004, 0, NOW(), NOW()),
  (100018, 1, 'EMP018', '高峰', '销售部', '高级销售', '2021-05-20', '13800001018', 1, NULL, 100002, 0, NOW(), NOW()),
  (100019, 1, 'EMP019', '黄莉', '财务部', '出纳', '2023-02-01', '13800001019', 1, NULL, 100003, 0, NOW(), NOW()),
  (100020, 1, 'EMP020', '罗勇', '市场部', '活动策划', '2022-07-01', '13800001020', 1, NULL, 100007, 0, NOW(), NOW());

-- -------------------------------------------------------
-- 13. OA — 考勤打卡记录（oa_attendance_record）
-- 字段：id, tenant_id, user_id, check_date, check_in_time, check_out_time, work_minutes, status, is_outer, outer_address, outer_reason, remark, del_flag, create_time, update_time
-- -------------------------------------------------------

-- 第1周（4月1-4日）：全部正常
INSERT INTO oa_attendance_record (id, tenant_id, user_id, check_date, check_in_time, check_out_time, work_minutes, status, is_outer, del_flag, create_time, update_time)
VALUES
  (101001, 1, 91001, '2026-04-01', '2026-04-01 08:30:00', '2026-04-01 17:45:00', 555, 0, 0, 0, '2026-04-01 17:45:00', '2026-04-01 17:45:00'),
  (101002, 1, 91001, '2026-04-02', '2026-04-02 08:25:00', '2026-04-02 17:50:00', 565, 0, 0, 0, '2026-04-02 17:50:00', '2026-04-02 17:50:00'),
  (101003, 1, 91001, '2026-04-03', '2026-04-03 08:35:00', '2026-04-03 17:40:00', 545, 0, 0, 0, '2026-04-03 17:40:00', '2026-04-03 17:40:00'),
  (101004, 1, 91001, '2026-04-04', '2026-04-04 08:28:00', '2026-04-04 17:48:00', 560, 0, 0, 0, '2026-04-04 17:48:00', '2026-04-04 17:48:00');

-- 第2周（7-11日）：8日迟到、10日早退、11日缺上班卡
INSERT INTO oa_attendance_record (id, tenant_id, user_id, check_date, check_in_time, check_out_time, work_minutes, status, is_outer, del_flag, create_time, update_time)
VALUES
  (101005, 1, 91001, '2026-04-07', '2026-04-07 08:32:00', '2026-04-07 17:42:00', 550, 0, 0, 0, '2026-04-07 17:42:00', '2026-04-07 17:42:00'),
  (101006, 1, 91001, '2026-04-08', '2026-04-08 08:40:00', '2026-04-08 17:50:00', 530, 1, 0, 0, '2026-04-08 17:50:00', '2026-04-08 17:50:00'),
  (101007, 1, 91001, '2026-04-09', '2026-04-09 08:22:00', '2026-04-09 17:55:00', 573, 0, 0, 0, '2026-04-09 17:55:00', '2026-04-09 17:55:00'),
  (101008, 1, 91001, '2026-04-10', '2026-04-10 08:30:00', '2026-04-10 16:00:00', 450, 2, 0, 0, '2026-04-10 16:00:00', '2026-04-10 16:00:00'),
  (101009, 1, 91001, '2026-04-11', NULL, '2026-04-11 17:50:00', 0, 3, 0, 0, '2026-04-11 17:50:00', '2026-04-11 17:50:00');

-- 第3周（14-18日）：15日迟到、17日外勤+加班
INSERT INTO oa_attendance_record (id, tenant_id, user_id, check_date, check_in_time, check_out_time, work_minutes, status, is_outer, outer_address, outer_reason, del_flag, create_time, update_time)
VALUES
  (101010, 1, 91001, '2026-04-14', '2026-04-14 08:25:00', '2026-04-14 17:48:00', 563, 0, 0, NULL, NULL, 0, '2026-04-14 17:48:00', '2026-04-14 17:48:00'),
  (101011, 1, 91001, '2026-04-15', '2026-04-15 09:15:00', '2026-04-15 18:00:00', 525, 1, 0, NULL, NULL, 0, '2026-04-15 18:00:00', '2026-04-15 18:00:00'),
  (101012, 1, 91001, '2026-04-16', '2026-04-16 08:30:00', '2026-04-16 17:45:00', 555, 0, 0, NULL, NULL, 0, '2026-04-16 17:45:00', '2026-04-16 17:45:00'),
  (101013, 1, 91001, '2026-04-17', '2026-04-17 09:00:00', '2026-04-17 19:00:00', 600, 5, 1, '深圳市南山区客户现场', '客户拜访', 0, '2026-04-17 19:00:00', '2026-04-17 19:00:00'),
  (101014, 1, 91001, '2026-04-18', '2026-04-18 08:35:00', '2026-04-18 17:40:00', 545, 0, 0, NULL, NULL, 0, '2026-04-18 17:40:00', '2026-04-18 17:40:00');

-- 第4周（21-25日）
INSERT INTO oa_attendance_record (id, tenant_id, user_id, check_date, check_in_time, check_out_time, work_minutes, status, is_outer, del_flag, create_time, update_time)
VALUES
  (101015, 1, 91001, '2026-04-21', '2026-04-21 08:28:00', '2026-04-21 17:50:00', 562, 0, 0, 0, '2026-04-21 17:50:00', '2026-04-21 17:50:00'),
  (101016, 1, 91001, '2026-04-22', '2026-04-22 08:40:00', '2026-04-22 17:45:00', 545, 0, 0, 0, '2026-04-22 17:45:00', '2026-04-22 17:45:00'),
  (101017, 1, 91001, '2026-04-23', '2026-04-23 08:20:00', '2026-04-23 17:52:00', 572, 0, 0, 0, '2026-04-23 17:52:00', '2026-04-23 17:52:00'),
  (101018, 1, 91001, '2026-04-24', '2026-04-24 08:30:00', '2026-04-24 17:48:00', 558, 0, 0, 0, '2026-04-24 17:48:00', '2026-04-24 17:48:00'),
  (101019, 1, 91001, '2026-04-25', '2026-04-25 08:25:00', '2026-04-25 17:55:00', 570, 0, 0, 0, '2026-04-25 17:55:00', '2026-04-25 17:55:00');

-- 第5周（28-30日）
INSERT INTO oa_attendance_record (id, tenant_id, user_id, check_date, check_in_time, check_out_time, work_minutes, status, is_outer, del_flag, create_time, update_time)
VALUES
  (101020, 1, 91001, '2026-04-28', '2026-04-28 08:32:00', '2026-04-28 17:45:00', 553, 0, 0, 0, '2026-04-28 17:45:00', '2026-04-28 17:45:00'),
  (101021, 1, 91001, '2026-04-29', '2026-04-29 08:28:00', '2026-04-29 17:50:00', 562, 0, 0, 0, '2026-04-29 17:50:00', '2026-04-29 17:50:00'),
  (101022, 1, 91001, '2026-04-30', '2026-04-30 08:30:00', '2026-04-30 17:40:00', 550, 0, 0, 0, '2026-04-30 17:40:00', '2026-04-30 17:40:00');

-- -------------------------------------------------------
-- 14. OA — 请假申请（oa_leave）
-- 字段：id, tenant_id, user_id, org_id, leave_type, start_time, end_time, days, reason, status, del_flag, create_time, update_time
-- -------------------------------------------------------

INSERT INTO oa_leave (id, tenant_id, user_id, org_id, leave_type, start_time, end_time, days, reason, status, del_flag, create_time, update_time)
VALUES
  (100101, 1, 91001, 91001, '年假', '2026-04-17 00:00:00', '2026-04-18 23:59:59', 2.00, '深圳出差+客户拜访', 2, 0, '2026-04-14 09:00:00', '2026-04-15 10:00:00'),
  (100102, 1, 91001, 91001, '病假', '2026-05-06 00:00:00', '2026-05-07 23:59:59', 2.00, '身体不适需就医', 1, 0, '2026-04-16 08:00:00', '2026-04-16 08:00:00'),
  (100103, 1, 91001, 91001, '事假', '2026-03-20 00:00:00', '2026-03-21 23:59:59', 2.00, '个人事务', -1, 0, '2026-03-17 09:00:00', '2026-03-18 14:00:00'),
  (100104, 1, 91001, 91001, '年假', '2026-01-25 00:00:00', '2026-01-26 23:59:59', 2.00, '春节前调休', 2, 0, '2026-01-19 09:00:00', '2026-01-20 10:00:00'),
  (100105, 1, 91001, 91001, '事假', '2026-04-30 00:00:00', '2026-04-30 23:59:59', 0.50, '家庭事务', 0, 0, '2026-04-16 10:00:00', '2026-04-16 10:00:00');

-- -------------------------------------------------------
-- 15. OA — 加班申请（oa_overtime）
-- 字段：id, tenant_id, overtime_no, user_id, user_name, start_time, end_time, hours, reason, status, approver_user_id, approver_opinion, approver_time, del_flag, create_time, update_time
-- -------------------------------------------------------

INSERT INTO oa_overtime (id, tenant_id, overtime_no, user_id, user_name, start_time, end_time, hours, reason, status, approver_user_id, approver_opinion, approver_time, del_flag, create_time, update_time)
VALUES
  (100201, 1, 'OT2026040001', 91001, '管理员', '2026-04-11 18:00:00', '2026-04-11 21:00:00', 3.0, '月度报表赶工', 2, 91001, '同意', '2026-04-11 17:30:00', 0, '2026-04-11 09:00:00', '2026-04-11 17:30:00'),
  (100202, 1, 'OT2026030001', 91001, '管理员', '2026-03-28 18:00:00', '2026-03-28 22:00:00', 4.0, '版本发布', 2, 91001, '辛苦', '2026-03-28 17:00:00', 0, '2026-03-27 10:00:00', '2026-03-28 17:00:00'),
  (100203, 1, 'OT2026040002', 91001, '管理员', '2026-04-29 18:00:00', '2026-04-29 22:00:00', 4.0, '五一节前赶项目', 1, NULL, NULL, NULL, 0, '2026-04-15 10:00:00', '2026-04-15 10:00:00'),
  (100204, 1, 'OT2026040003', 91001, '管理员', '2026-04-30 18:00:00', '2026-04-30 20:00:00', 2.0, '月末结账', 0, NULL, NULL, NULL, 0, '2026-04-16 08:00:00', '2026-04-16 08:00:00');

-- -------------------------------------------------------
-- 16. OA — 考勤规则（oa_attendance_rule）
-- 字段：id, tenant_id, rule_name, check_in_start, check_in_end, check_out_start, check_out_end, is_enable, remark, del_flag, create_time, update_time
-- -------------------------------------------------------

INSERT INTO oa_attendance_rule (id, tenant_id, rule_name, check_in_start, check_in_end, check_out_start, check_out_end, is_enable, remark, del_flag, create_time, update_time)
VALUES
  (100001, 1, '标准工时制', '08:30:00', '09:30:00', '17:30:00', '18:30:00', 1, '默认考勤规则', 0, NOW(), NOW()),
  (100002, 1, '弹性工时制', '09:00:00', '10:00:00', '18:00:00', '19:00:00', 1, '适用于管理层', 0, NOW(), NOW()),
  (100003, 1, '销售外勤制', '09:00:00', '10:00:00', '17:00:00', '18:00:00', 1, '销售部门适用，外勤打卡', 0, NOW(), NOW());

-- -------------------------------------------------------
-- 17. Wage — 薪资项目配置（wage_item_config）
-- 字段：id, tenant_id, item_name, calc_type, default_amount, item_kind, del_flag, create_time, update_time
-- item_kind: 1=应发 2=补贴 3=扣款
-- calc_type: 1=固定值 2=手动录入
-- -------------------------------------------------------

INSERT INTO wage_item_config (id, tenant_id, item_name, calc_type, default_amount, item_kind, del_flag, create_time, update_time)
VALUES
  (100001, 1, '基本工资', 1, 10000.00, 1, 0, NOW(), NOW()),
  (100002, 1, '岗位工资', 1, 3000.00, 1, 0, NOW(), NOW()),
  (100003, 1, '绩效奖金', 2, 0.00, 1, 0, NOW(), NOW()),
  (100004, 1, '交通补贴', 1, 500.00, 2, 0, NOW(), NOW()),
  (100005, 1, '餐补', 1, 300.00, 2, 0, NOW(), NOW()),
  (100006, 1, '通讯补贴', 1, 200.00, 2, 0, NOW(), NOW()),
  (100007, 1, '全勤奖', 1, 200.00, 2, 0, NOW(), NOW()),
  (100008, 1, '个人社保', 1, 850.00, 3, 0, NOW(), NOW()),
  (100009, 1, '公积金', 1, 600.00, 3, 0, NOW(), NOW()),
  (100010, 1, '个人所得税', 2, 0.00, 3, 0, NOW(), NOW()),
  (100011, 1, '迟到扣款', 2, 0.00, 3, 0, NOW(), NOW()),
  (100012, 1, '缺卡扣款', 2, 0.00, 3, 0, NOW(), NOW());

-- -------------------------------------------------------
-- 18. Wage — 工资条（wage_monthly_slip）
-- 字段：id, tenant_id, belong_month, employee_id, base_salary, subsidy_total, deduction_total, net_pay, status, del_flag, create_time, update_time
-- status: 0=待确认 1=已发放
-- -------------------------------------------------------

-- 3月已发放
INSERT INTO wage_monthly_slip (id, tenant_id, belong_month, employee_id, base_salary, subsidy_total, deduction_total, net_pay, status, del_flag, create_time, update_time)
VALUES
  (100001, 1, '2026-03', 100001, 15000.00, 1200.00, 2350.00, 13850.00, 1, 0, '2026-03-31 10:00:00', '2026-03-31 17:00:00'),
  (100002, 1, '2026-03', 100002, 12000.00, 1000.00, 1850.00, 11150.00, 1, 0, '2026-03-31 10:00:00', '2026-03-31 17:00:00'),
  (100003, 1, '2026-03', 100003, 10000.00, 1000.00, 1450.00, 9550.00, 1, 0, '2026-03-31 10:00:00', '2026-03-31 17:00:00'),
  (100004, 1, '2026-03', 100004, 10000.00, 1000.00, 1450.00, 9550.00, 1, 0, '2026-03-31 10:00:00', '2026-03-31 17:00:00'),
  (100005, 1, '2026-03', 100005, 8000.00, 800.00, 1450.00, 7350.00, 1, 0, '2026-03-31 10:00:00', '2026-03-31 17:00:00');

-- 4月待确认
INSERT INTO wage_monthly_slip (id, tenant_id, belong_month, employee_id, base_salary, subsidy_total, deduction_total, net_pay, status, del_flag, create_time, update_time)
VALUES
  (100006, 1, '2026-04', 100001, 15000.00, 1200.00, 2350.00, 13850.00, 0, 0, '2026-04-30 10:00:00', '2026-04-30 10:00:00'),
  (100007, 1, '2026-04', 100002, 12000.00, 1000.00, 2250.00, 10750.00, 0, 0, '2026-04-30 10:00:00', '2026-04-30 10:00:00'),
  (100008, 1, '2026-04', 100003, 10000.00, 1000.00, 1450.00, 9550.00, 0, 0, '2026-04-30 10:00:00', '2026-04-30 10:00:00'),
  (100009, 1, '2026-04', 100004, 10000.00, 1000.00, 1450.00, 9550.00, 0, 0, '2026-04-30 10:00:00', '2026-04-30 10:00:00'),
  (100010, 1, '2026-04', 100005, 8000.00, 800.00, 1450.00, 7350.00, 0, 0, '2026-04-30 10:00:00', '2026-04-30 10:00:00'),
  (100011, 1, '2026-04', 100006, 6000.00, 500.00, 850.00, 5650.00, 0, 0, '2026-04-30 10:00:00', '2026-04-30 10:00:00'),
  (100012, 1, '2026-04', 100007, 9000.00, 800.00, 1450.00, 8350.00, 0, 0, '2026-04-30 10:00:00', '2026-04-30 10:00:00'),
  (100013, 1, '2026-04', 100008, 8000.00, 500.00, 1450.00, 7050.00, 0, 0, '2026-04-30 10:00:00', '2026-04-30 10:00:00'),
  (100014, 1, '2026-04', 100009, 9000.00, 500.00, 1450.00, 8050.00, 0, 0, '2026-04-30 10:00:00', '2026-04-30 10:00:00'),
  (100015, 1, '2026-04', 100010, 8000.00, 500.00, 850.00, 7650.00, 0, 0, '2026-04-30 10:00:00', '2026-04-30 10:00:00');

-- -------------------------------------------------------
-- 19. ERP — 商机（erp_opportunity）
-- 字段：id, tenant_id, customer_id, customer_name, opportunity_name, amount, stage, probability, expect_close_date, owner_user_id, remark, status, del_flag, create_time, update_time
-- -------------------------------------------------------

INSERT INTO erp_opportunity (id, tenant_id, customer_id, customer_name, opportunity_name, amount, stage, probability, expect_close_date, owner_user_id, remark, status, del_flag, create_time, update_time)
VALUES
  (100001, 1, 100501, '深圳市腾达科技有限公司', '腾达科技办公设备采购', 150000.00, '需求确认', 50, '2026-05-15', 91001, '已报价，等待反馈', 1, 0, '2026-03-01 09:00:00', '2026-04-10 10:00:00'),
  (100002, 1, 100502, '广州华联电子集团', '华联集团办公家具采购', 200000.00, '初步接触', 30, '2026-06-30', 91001, '初次洽谈中', 1, 0, '2026-03-15 10:00:00', '2026-04-12 11:00:00'),
  (100003, 1, 100503, '杭州创新网络公司', '创新网络机房升级', 80000.00, '方案报价', 80, '2026-04-30', 91001, '方案已确认，签约在即', 1, 0, '2026-02-20 08:00:00', '2026-04-15 14:00:00'),
  (100004, 1, 100507, '武汉光谷软件园', '光谷软件园IT设备更新', 300000.00, '线索', 10, '2026-07-31', 91001, '刚建立联系', 1, 0, '2026-04-01 10:00:00', '2026-04-01 10:00:00'),
  (100005, 1, 100509, '西安古都文化传媒', '古都传媒办公设备', 50000.00, '合同签约', 90, '2026-04-25', 91001, '合同起草中', 1, 0, '2026-03-10 09:00:00', '2026-04-16 09:00:00'),
  (100006, 1, 100510, '天津滨海智能装备', '滨海智能办公采购', 120000.00, '需求确认', 50, '2026-05-31', 91001, '比价中', 1, 0, '2026-03-20 10:00:00', '2026-04-11 10:00:00');

-- -------------------------------------------------------
-- 20. 系统字典（sys_dict_type + sys_dict_item）
-- sys_dict_type: id, tenant_id, dict_name, dict_type, status, remark, del_flag, create_time, update_time
-- sys_dict_item: id, tenant_id, dict_type, label, item_value, sort, status, remark, del_flag, create_time, update_time
-- -------------------------------------------------------

INSERT INTO sys_dict_type (id, tenant_id, dict_name, dict_type, status, remark, del_flag, create_time, update_time)
VALUES
  (100001, 1, '请假类型', 'leave_type', 1, 'OA请假申请使用', 0, NOW(), NOW()),
  (100002, 1, '考勤状态', 'attendance_status', 1, '打卡后状态', 0, NOW(), NOW()),
  (100003, 1, '商机阶段', 'opportunity_stage', 1, '销售商机跟进阶段', 0, NOW(), NOW()),
  (100004, 1, '客户等级', 'customer_level', 1, '客户ABC等级', 0, NOW(), NOW()),
  (100005, 1, '审批状态', 'approval_status', 1, '统一审批状态', 0, NOW(), NOW());

INSERT INTO sys_dict_item (id, tenant_id, dict_type, label, item_value, sort, status, remark, del_flag, create_time, update_time)
VALUES
  -- 请假类型
  (100101, 1, 'leave_type', '年假', '年假', 1, 1, NULL, 0, NOW(), NOW()),
  (100102, 1, 'leave_type', '病假', '病假', 2, 1, NULL, 0, NOW(), NOW()),
  (100103, 1, 'leave_type', '事假', '事假', 3, 1, NULL, 0, NOW(), NOW()),
  (100104, 1, 'leave_type', '婚假', '婚假', 4, 1, NULL, 0, NOW(), NOW()),
  (100105, 1, 'leave_type', '产假', '产假', 5, 1, NULL, 0, NOW(), NOW()),
  -- 考勤状态（item_value对应status枚举值）
  (100201, 1, 'attendance_status', '正常', '0', 1, 1, NULL, 0, NOW(), NOW()),
  (100202, 1, 'attendance_status', '迟到', '1', 2, 1, NULL, 0, NOW(), NOW()),
  (100203, 1, 'attendance_status', '早退', '2', 3, 1, NULL, 0, NOW(), NOW()),
  (100204, 1, 'attendance_status', '缺卡', '3', 4, 1, NULL, 0, NOW(), NOW()),
  (100205, 1, 'attendance_status', '旷工', '4', 5, 1, NULL, 0, NOW(), NOW()),
  (100206, 1, 'attendance_status', '加班', '5', 6, 1, NULL, 0, NOW(), NOW()),
  -- 商机阶段
  (100301, 1, 'opportunity_stage', '线索', '线索', 1, 1, NULL, 0, NOW(), NOW()),
  (100302, 1, 'opportunity_stage', '初步接触', '初步接触', 2, 1, NULL, 0, NOW(), NOW()),
  (100303, 1, 'opportunity_stage', '需求确认', '需求确认', 3, 1, NULL, 0, NOW(), NOW()),
  (100304, 1, 'opportunity_stage', '方案报价', '方案报价', 4, 1, NULL, 0, NOW(), NOW()),
  (100305, 1, 'opportunity_stage', '合同签约', '合同签约', 5, 1, NULL, 0, NOW(), NOW()),
  -- 客户等级
  (100401, 1, 'customer_level', 'A级（战略客户）', 'A', 1, 1, NULL, 0, NOW(), NOW()),
  (100402, 1, 'customer_level', 'B级（重要客户）', 'B', 2, 1, NULL, 0, NOW(), NOW()),
  (100403, 1, 'customer_level', 'C级（普通客户）', 'C', 3, 1, NULL, 0, NOW(), NOW()),
  -- 审批状态
  (100501, 1, 'approval_status', '草稿', '0', 1, 1, NULL, 0, NOW(), NOW()),
  (100502, 1, 'approval_status', '审批中', '1', 2, 1, NULL, 0, NOW(), NOW()),
  (100503, 1, 'approval_status', '已通过', '2', 3, 1, NULL, 0, NOW(), NOW()),
  (100504, 1, 'approval_status', '已驳回', '-1', 4, 1, NULL, 0, NOW(), NOW());

-- -------------------------------------------------------
-- 21. 系统公告（sys_notice）
-- 字段：id, tenant_id, title, content, notice_type, status, expire_time, del_flag, create_time, update_time
-- -------------------------------------------------------

INSERT INTO sys_notice (id, tenant_id, title, content, notice_type, status, expire_time, del_flag, create_time, update_time)
VALUES
  (100001, 1, '关于2026年五一劳动节放假安排的通知', '各部门：根据国家规定，现将2026年五一劳动节放假安排通知如下：5月1日（周五）至5月5日（周二）放假调休，共5天。4月30日（周三）、5月6日（周三）正常上班。请各部门提前做好工作安排，节假日期间注意安全。', 'notice', 1, '2026-05-06 23:59:59', 0, '2026-04-15 09:00:00', '2026-04-15 09:00:00'),
  (100002, 1, '新版ERP系统上线通知', '各位同事：新版ERP系统将于2026年4月20日正式上线，主要更新包括：新增采购订单审批流程、优化库存预警功能、完善财务应收应付管理。使用中有任何问题请联系IT部门。', 'notice', 1, '2026-04-25 23:59:59', 0, '2026-04-10 10:00:00', '2026-04-10 10:00:00'),
  (100003, 1, '考勤规则调整通知', '自2026年5月1日起，公司考勤规则做如下调整：上班打卡时间维持8:30不变，下班打卡时间调整为17:30起。每月迟到超过3次者，扣除当月全勤奖。请大家知悉并严格执行。', 'notice', 1, '2026-05-01 23:59:59', 0, '2026-04-01 08:00:00', '2026-04-01 08:00:00');

-- -------------------------------------------------------
-- 22. 站内消息（sys_message）
-- 字段：id, tenant_id, user_id, title, content, message_type, is_read, del_flag, create_time
-- -------------------------------------------------------

INSERT INTO sys_message (id, tenant_id, user_id, title, content, message_type, is_read, del_flag, create_time)
VALUES
  (100001, 1, 91001, '请假审批通过通知', '您的请假申请（年假 4月17日-4月18日）已通过审批', 'system', 1, 0, '2026-04-15 10:00:00'),
  (100002, 1, 91001, '加班审批通过通知', '您的加班申请（4月11日18:00-21:00）已通过审批', 'system', 1, 0, '2026-04-11 17:30:00'),
  (100003, 1, 91001, '系统维护通知', '系统将于本周六（4月19日）22:00至周日（4月20日）06:00进行例行维护，届时系统将暂停服务。', 'system', 0, 0, '2026-04-18 15:00:00');

-- -------------------------------------------------------
-- 完成
-- -------------------------------------------------------
